VariableCode,RegionCode,YearCode,AggValue
rgdpe,AGO,1970,19026.00000000000000000
pop,AGO,1970,5.92633300000000000
rgdpe,AGO,1980,19247.05078125000000000
pop,AGO,1980,7.63842000000000000
rgdpe,AGO,1990,27311.73437500000000000
pop,AGO,1990,10.33505200000000000
rgdpe,AGO,2000,32284.10742187500000000
pop,AGO,2000,13.92637300000000000
rgdpe,AGO,2010,97857.80468750000000000
pop,AGO,2010,19.08191200000000000
rgdpe,ALB,1970,8043.71972656250000000
pop,ALB,1970,2.13559900000000000
rgdpe,ALB,1980,11895.23632812500000000
pop,ALB,1980,2.67130000000000000
rgdpe,ALB,1990,14904.61425781250000000
pop,ALB,1990,3.28948300000000000
rgdpe,ALB,2000,13720.70703125000000000
pop,ALB,2000,3.07185600000000000
rgdpe,ALB,2010,23574.44726562500000000
pop,ALB,2010,3.20428400000000000
rgdpe,ARG,1950,36905.05468750000000000
pop,ARG,1950,17.16539835316770000
rgdpe,ARG,1960,49341.14062500000000000
pop,ARG,1960,20.63411509474160000
rgdpe,ARG,1970,71057.52343750000000000
pop,ARG,1970,23.98335800000000000
rgdpe,ARG,1980,95231.82812500000000000
pop,ARG,1980,28.13104000000000000
rgdpe,ARG,1990,150802.98437500000000000
pop,ARG,1990,32.64244200000000000
rgdpe,ARG,2000,391555.34375000000000000
pop,ARG,2000,36.93070900000000000
rgdpe,ARG,2010,574300.93750000000000000
pop,ARG,2010,40.41237600000000000
rgdpe,ARM,1990,13808.25585937500000000
pop,ARM,1990,3.54469500000000000
rgdpe,ARM,2000,7938.81689453125000000
pop,ARM,2000,3.07609800000000000
rgdpe,ARM,2010,15600.64648437500000000
pop,ARM,2010,3.09207200000000000
rgdpe,ATG,1970,283.56893920898400000
pop,ATG,1970,0.06558700000000000
rgdpe,ATG,1980,402.75976562500000000
pop,ATG,1980,0.07022800000000000
rgdpe,ATG,1990,747.65484619140600000
pop,ATG,1990,0.06220200000000000
rgdpe,ATG,2000,1039.00903320313000000
pop,ATG,2000,0.07765600000000000
rgdpe,ATG,2010,1182.59594726563000000
pop,ATG,2010,0.08871000000000000
rgdpe,AUS,1950,97407.42968750000000000
pop,AUS,1950,8.31187426635951000
rgdpe,AUS,1960,128872.60937500000000000
pop,AUS,1960,10.41709058375450000
rgdpe,AUS,1970,214561.04687500000000000
pop,AUS,1970,12.72836200000000000
rgdpe,AUS,1980,291641.68750000000000000
pop,AUS,1980,14.70991800000000000
rgdpe,AUS,1990,413624.75000000000000000
pop,AUS,1990,17.09615300000000000
rgdpe,AUS,2000,613465.56250000000000000
pop,AUS,2000,19.16435100000000000
rgdpe,AUS,2010,845198.06250000000000000
pop,AUS,2010,22.26838400000000000
rgdpe,AUT,1950,33599.01171875000000000
pop,AUT,1950,6.93400592557793000
rgdpe,AUT,1960,59652.96093750000000000
pop,AUT,1960,7.04632520340545000
rgdpe,AUT,1970,92985.45312500000000000
pop,AUT,1970,7.46590800000000000
rgdpe,AUT,1980,125990.66406250000000000
pop,AUT,1980,7.54879800000000000
rgdpe,AUT,1990,173568.00000000000000000
pop,AUT,1990,7.67051300000000000
rgdpe,AUT,2000,265096.12500000000000000
pop,AUT,2000,8.00471200000000000
rgdpe,AUT,2010,309750.78125000000000000
pop,AUT,2010,8.39364400000000000
rgdpe,AZE,1990,46193.48437500000000000
pop,AZE,1990,7.21169200000000000
rgdpe,AZE,2000,19294.90820312500000000
pop,AZE,2000,8.11072300000000000
rgdpe,AZE,2010,79940.79687500000000000
pop,AZE,2010,9.18778300000000000
rgdpe,BDI,1960,1686.08874511719000000
pop,BDI,1960,2.80867887767103000
rgdpe,BDI,1970,2503.08349609375000000
pop,BDI,1970,3.51349900000000000
rgdpe,BDI,1980,3133.41479492188000000
pop,BDI,1980,4.12999700000000000
rgdpe,BDI,1990,4045.24877929688000000
pop,BDI,1990,5.60172000000000000
rgdpe,BDI,2000,3592.68164062500000000
pop,BDI,2000,6.37434700000000000
rgdpe,BDI,2010,4929.22412109375000000
pop,BDI,2010,8.38284900000000000
rgdpe,BEL,1950,62264.31640625000000000
pop,BEL,1950,8.62781255089875000
rgdpe,BEL,1960,85352.62500000000000000
pop,BEL,1960,9.10650237394426000
rgdpe,BEL,1970,137834.50000000000000000
pop,BEL,1970,9.62490800000000000
rgdpe,BEL,1980,200375.50000000000000000
pop,BEL,1980,9.84729700000000000
rgdpe,BEL,1990,230575.12500000000000000
pop,BEL,1990,9.94901900000000000
rgdpe,BEL,2000,323138.43750000000000000
pop,BEL,2000,10.17568400000000000
rgdpe,BEL,2010,380482.06250000000000000
pop,BEL,2010,10.71206600000000000
rgdpe,BEN,1960,2146.91162109375000000
pop,BEN,1960,2.23526808601848000
rgdpe,BEN,1970,3279.07739257813000000
pop,BEN,1970,2.84950800000000000
rgdpe,BEN,1980,4237.48730468750000000
pop,BEN,1980,3.61057800000000000
rgdpe,BEN,1990,4986.07910156250000000
pop,BEN,1990,4.77313700000000000
rgdpe,BEN,2000,8441.67675781250000000
pop,BEN,2000,6.51781000000000000
rgdpe,BEN,2010,13477.87792968750000000
pop,BEN,2010,8.84989200000000000
rgdpe,BFA,1960,3071.74975585938000000
pop,BFA,1960,5.32791468110971000
rgdpe,BFA,1970,3705.73095703125000000
pop,BFA,1970,5.80749200000000000
rgdpe,BFA,1980,5600.51806640625000000
pop,BFA,1980,7.21208800000000000
rgdpe,BFA,1990,7119.04248046875000000
pop,BFA,1990,9.32399600000000000
rgdpe,BFA,2000,10946.55078125000000000
pop,BFA,2000,12.29401200000000000
rgdpe,BFA,2010,20496.84570312500000000
pop,BFA,2010,16.46871400000000000
rgdpe,BGD,1960,71849.42187500000000000
pop,BGD,1960,54.22763450129320000
rgdpe,BGD,1970,91467.91406250000000000
pop,BGD,1970,66.88115800000000000
rgdpe,BGD,1980,87711.02343750000000000
pop,BGD,1980,80.62442300000000000
rgdpe,BGD,1990,130222.08593750000000000
pop,BGD,1990,105.25602600000000000
rgdpe,BGD,2000,163357.71875000000000000
pop,BGD,2000,129.59227500000000000
rgdpe,BGD,2010,253020.54687500000000000
pop,BGD,2010,148.69213100000000000
rgdpe,BGR,1970,25680.45312500000000000
pop,BGR,1970,8.48957200000000000
rgdpe,BGR,1980,50018.05078125000000000
pop,BGR,1980,8.86153600000000000
rgdpe,BGR,1990,67385.85937500000000000
pop,BGR,1990,8.81891500000000000
rgdpe,BGR,2000,58950.21484375000000000
pop,BGR,2000,8.00615800000000000
rgdpe,BGR,2010,94440.22656250000000000
pop,BGR,2010,7.49433200000000000
rgdpe,BHR,1970,2913.03881835938000000
pop,BHR,1970,0.21187800000000000
rgdpe,BHR,1980,6844.45751953125000000
pop,BHR,1980,0.35795700000000000
rgdpe,BHR,1990,7113.15771484375000000
pop,BHR,1990,0.49289100000000000
rgdpe,BHR,2000,11590.80078125000000000
pop,BHR,2000,0.63819300000000000
rgdpe,BHR,2010,34190.30468750000000000
pop,BHR,2010,1.26183500000000000
rgdpe,BHS,1970,2037.89013671875000000
pop,BHS,1970,0.16936700000000000
rgdpe,BHS,1980,3525.05932617188000000
pop,BHS,1980,0.21060000000000000
rgdpe,BHS,1990,4792.13134765625000000
pop,BHS,1990,0.25612800000000000
rgdpe,BHS,2000,7412.31494140625000000
pop,BHS,2000,0.29765100000000000
rgdpe,BHS,2010,6972.64794921875000000
pop,BHS,2010,0.34287700000000000
rgdpe,BIH,1990,4904.90966796875000000
pop,BIH,1990,4.30819700000000000
rgdpe,BIH,2000,18251.57812500000000000
pop,BIH,2000,3.69369800000000000
rgdpe,BIH,2010,28520.98437500000000000
pop,BIH,2010,3.76014900000000000
rgdpe,BLR,1990,121122.38281250000000000
pop,BLR,1990,10.25970000000000000
rgdpe,BLR,2000,71010.32812500000000000
pop,BLR,2000,10.05781000000000000
rgdpe,BLR,2010,131459.68750000000000000
pop,BLR,2010,9.59542100000000000
rgdpe,BLZ,1970,428.51602172851600000
pop,BLZ,1970,0.12233600000000000
rgdpe,BLZ,1980,644.40484619140600000
pop,BLZ,1980,0.14382900000000000
rgdpe,BLZ,1990,1042.34082031250000000
pop,BLZ,1990,0.19024100000000000
rgdpe,BLZ,2000,1541.04992675781000000
pop,BLZ,2000,0.25051200000000000
rgdpe,BLZ,2010,2271.48999023438000000
pop,BLZ,2010,0.31162700000000000
rgdpe,BMU,1970,957.13427734375000000
pop,BMU,1970,0.05176500000000000
rgdpe,BMU,1980,1334.56481933594000000
pop,BMU,1980,0.05606400000000000
rgdpe,BMU,1990,1644.48425292969000000
pop,BMU,1990,0.05979500000000000
rgdpe,BMU,2000,2077.75439453125000000
pop,BMU,2000,0.06283400000000000
rgdpe,BMU,2010,2513.07397460938000000
pop,BMU,2010,0.06494100000000000
rgdpe,BOL,1950,4222.82568359375000000
pop,BOL,1950,2.68351845581975000
rgdpe,BOL,1960,4508.12597656250000000
pop,BOL,1960,3.33163593214974000
rgdpe,BOL,1970,6825.83203125000000000
pop,BOL,1970,4.21657200000000000
rgdpe,BOL,1980,10480.69531250000000000
pop,BOL,1980,5.35264900000000000
rgdpe,BOL,1990,13407.63281250000000000
pop,BOL,1990,6.65846200000000000
rgdpe,BOL,2000,23135.03906250000000000
pop,BOL,2000,8.30724800000000000
rgdpe,BOL,2010,39909.27343750000000000
pop,BOL,2010,9.92984900000000000
rgdpe,BRA,1950,75783.17187500000000000
pop,BRA,1950,53.66314188988400000
rgdpe,BRA,1960,142713.39062500000000000
pop,BRA,1960,71.99003354126370000
rgdpe,BRA,1970,299726.25000000000000000
pop,BRA,1970,96.07830400000000000
rgdpe,BRA,1980,595254.56250000000000000
pop,BRA,1980,121.71186400000000000
rgdpe,BRA,1990,793306.37500000000000000
pop,BRA,1990,149.65020600000000000
rgdpe,BRA,2000,1348739.62500000000000000
pop,BRA,2000,174.42538700000000000
rgdpe,BRA,2010,1850212.87500000000000000
pop,BRA,2010,194.94647000000000000
rgdpe,BRB,1960,1774.96374511719000000
pop,BRB,1960,0.23218038092027000
rgdpe,BRB,1970,2978.87988281250000000
pop,BRB,1970,0.23859300000000000
rgdpe,BRB,1980,2891.93383789063000000
pop,BRB,1980,0.24879600000000000
rgdpe,BRB,1990,3881.10302734375000000
pop,BRB,1990,0.25950100000000000
rgdpe,BRB,2000,6093.64355468750000000
pop,BRB,2000,0.26751100000000000
rgdpe,BRB,2010,5823.26074218750000000
pop,BRB,2010,0.27333100000000000
rgdpe,BRN,1970,7192.50195312500000000
pop,BRN,1970,0.12508800000000000
rgdpe,BRN,1980,17985.87890625000000000
pop,BRN,1980,0.18930000000000000
rgdpe,BRN,1990,11027.17187500000000000
pop,BRN,1990,0.25212500000000000
rgdpe,BRN,2000,13735.34667968750000000
pop,BRN,2000,0.32703600000000000
rgdpe,BRN,2010,23121.56250000000000000
pop,BRN,2010,0.39892000000000000
rgdpe,BTN,1970,393.86581420898400000
pop,BTN,1970,0.30187900000000000
rgdpe,BTN,1980,572.41815185546900000
pop,BTN,1980,0.43063300000000000
rgdpe,BTN,1990,1188.88085937500000000
pop,BTN,1990,0.55850000000000000
rgdpe,BTN,2000,2057.11572265625000000
pop,BTN,2000,0.57126200000000000
rgdpe,BTN,2010,4138.33593750000000000
pop,BTN,2010,0.72594000000000000
rgdpe,BWA,1960,229.08448791503900000
pop,BWA,1960,0.58936619840958600
rgdpe,BWA,1970,499.46694946289100000
pop,BWA,1970,0.69295900000000000
rgdpe,BWA,1980,2019.55920410156000000
pop,BWA,1980,0.99621100000000000
rgdpe,BWA,1990,8050.31250000000000000
pop,BWA,1990,1.38237100000000000
rgdpe,BWA,2000,16444.80468750000000000
pop,BWA,2000,1.75792500000000000
rgdpe,BWA,2010,29072.59375000000000000
pop,BWA,2010,2.00694500000000000
rgdpe,CAF,1960,1615.95507812500000000
pop,CAF,1960,1.45904281014275000
rgdpe,CAF,1970,2100.18920898438000000
pop,CAF,1970,1.82870900000000000
rgdpe,CAF,1980,1911.40893554688000000
pop,CAF,1980,2.27363000000000000
rgdpe,CAF,1990,2652.10546875000000000
pop,CAF,1990,2.93477700000000000
rgdpe,CAF,2000,2982.67944335938000000
pop,CAF,2000,3.70160700000000000
rgdpe,CAF,2010,3284.15844726563000000
pop,CAF,2010,4.40105100000000000
rgdpe,CAN,1950,136488.37500000000000000
pop,CAN,1950,13.99007888638690000
rgdpe,CAN,1960,215339.87500000000000000
pop,CAN,1960,18.23893986984980000
rgdpe,CAN,1970,350268.50000000000000000
pop,CAN,1970,21.71685500000000000
rgdpe,CAN,1980,544387.18750000000000000
pop,CAN,1980,24.51627700000000000
rgdpe,CAN,1990,750838.31250000000000000
pop,CAN,1990,27.70085400000000000
rgdpe,CAN,2000,1032854.06250000000000000
pop,CAN,2000,30.66736500000000000
rgdpe,CAN,2010,1177764.62500000000000000
pop,CAN,2010,34.01659300000000000
rgdpe,CHE,1950,56065.83593750000000000
pop,CHE,1950,4.62069061049944000
rgdpe,CHE,1960,90747.78906250000000000
pop,CHE,1960,5.27825800031913000
rgdpe,CHE,1970,147216.32812500000000000
pop,CHE,1970,6.16912400000000000
rgdpe,CHE,1980,168937.65625000000000000
pop,CHE,1980,6.30334600000000000
rgdpe,CHE,1990,219307.67187500000000000
pop,CHE,1990,6.67373800000000000
rgdpe,CHE,2000,267054.34375000000000000
pop,CHE,2000,7.16790800000000000
rgdpe,CHE,2010,343222.46875000000000000
pop,CHE,2010,7.66431800000000000
rgdpe,CHL,1960,35367.07031250000000000
pop,CHL,1960,7.75457932721642000
rgdpe,CHL,1970,61000.93750000000000000
pop,CHL,1970,9.57757200000000000
rgdpe,CHL,1980,71588.93750000000000000
pop,CHL,1980,11.17881700000000000
rgdpe,CHL,1990,89878.37500000000000000
pop,CHL,1990,13.18782100000000000
rgdpe,CHL,2000,151885.79687500000000000
pop,CHL,2000,15.41982000000000000
rgdpe,CHL,2010,261167.71875000000000000
pop,CHL,2010,17.11368800000000000
rgdpe,CHN,1960,670730.75000000000000000
pop,CHN,1960,634.43654280479700000
rgdpe,CHN,1970,885256.81250000000000000
pop,CHN,1970,799.94684100000000000
rgdpe,CHN,1980,1460655.00000000000000000
pop,CHN,1980,965.36557100000000000
rgdpe,CHN,1990,2611027.00000000000000000
pop,CHN,1990,1124.79392400000000000
rgdpe,CHN,2000,4951485.00000000000000000
pop,CHN,2000,1246.84006500000000000
rgdpe,CHN,2010,11106452.00000000000000000
pop,CHN,2010,1318.17015200000000000
rgdpe,CIV,1960,5495.02294921875000000
pop,CIV,1960,3.47185375050717000
rgdpe,CIV,1970,12783.61328125000000000
pop,CIV,1970,5.41641600000000000
rgdpe,CIV,1980,17794.53710937500000000
pop,CIV,1980,8.50098500000000000
rgdpe,CIV,1990,24901.99804687500000000
pop,CIV,1990,12.51773000000000000
rgdpe,CIV,2000,31377.84179687500000000
pop,CIV,2000,16.58165300000000000
rgdpe,CIV,2010,38677.33984375000000000
pop,CIV,2010,19.73780000000000000
rgdpe,CMR,1960,6368.96337890625000000
pop,CMR,1960,5.70467218542493000
rgdpe,CMR,1970,8443.74121093750000000
pop,CMR,1970,6.84176300000000000
rgdpe,CMR,1980,16535.80468750000000000
pop,CMR,1980,9.10972700000000000
rgdpe,CMR,1990,25803.40234375000000000
pop,CMR,1990,12.18081900000000000
rgdpe,CMR,2000,32701.66015625000000000
pop,CMR,2000,15.67826900000000000
rgdpe,CMR,2010,44344.04296875000000000
pop,CMR,2010,19.59888900000000000
rgdpe,COD,1950,11683.34179687500000000
pop,COD,1950,12.62562736908730000
rgdpe,COD,1960,18585.23632812500000000
pop,COD,1960,15.45592414053190000
rgdpe,COD,1970,21934.65625000000000000
pop,COD,1970,20.26700900000000000
rgdpe,COD,1980,25240.80273437500000000
pop,COD,1980,27.01869000000000000
rgdpe,COD,1990,22656.55468750000000000
pop,COD,1990,36.40622600000000000
rgdpe,COD,2000,14562.10351562500000000
pop,COD,2000,49.62620000000000000
rgdpe,COD,2010,25364.17187500000000000
pop,COD,2010,65.96579500000000000
rgdpe,COG,1960,951.51013183593800000
pop,COG,1960,1.05158399258100000
rgdpe,COG,1970,1700.14111328125000000
pop,COG,1970,1.33508800000000000
rgdpe,COG,1980,3699.21582031250000000
pop,COG,1980,1.79828500000000000
rgdpe,COG,1990,4043.53906250000000000
pop,COG,1990,2.38890200000000000
rgdpe,COG,2000,6354.18164062500000000
pop,COG,2000,3.13577300000000000
rgdpe,COG,2010,11645.75000000000000000
pop,COG,2010,4.04289900000000000
rgdpe,COL,1950,34214.49609375000000000
pop,COL,1950,11.53764909904950000
rgdpe,COL,1960,51076.92578125000000000
pop,COL,1960,15.87839861208220000
rgdpe,COL,1970,86299.44531250000000000
pop,COL,1970,21.32981100000000000
rgdpe,COL,1980,174500.43750000000000000
pop,COL,1980,26.87490600000000000
rgdpe,COL,1990,210836.98437500000000000
pop,COL,1990,33.20332100000000000
rgdpe,COL,2000,255077.09375000000000000
pop,COL,2000,39.76416600000000000
rgdpe,COL,2010,387636.34375000000000000
pop,COL,2010,46.29484100000000000
rgdpe,COM,1960,177.40667724609400000
pop,COM,1960,0.18427702101146200
rgdpe,COM,1970,358.55743408203100000
pop,COM,1970,0.23803200000000000
rgdpe,COM,1980,563.56024169921900000
pop,COM,1980,0.32886100000000000
rgdpe,COM,1990,705.68823242187500000
pop,COM,1990,0.43787600000000000
rgdpe,COM,2000,717.56048583984400000
pop,COM,2000,0.56246900000000000
rgdpe,COM,2010,873.95404052734400000
pop,COM,2010,0.73475000000000000
rgdpe,CPV,1960,161.01657104492200000
pop,CPV,1960,0.20073092114688700
rgdpe,CPV,1970,303.56222534179700000
pop,CPV,1970,0.27428200000000000
rgdpe,CPV,1980,327.80328369140600000
pop,CPV,1980,0.30004700000000000
rgdpe,CPV,1990,553.06530761718800000
pop,CPV,1990,0.34816500000000000
rgdpe,CPV,2000,1176.01916503906000000
pop,CPV,2000,0.43723800000000000
rgdpe,CPV,2010,2274.46533203125000000
pop,CPV,2010,0.49599900000000000
rgdpe,CRI,1950,2694.61645507813000000
pop,CRI,1950,0.90937188742413700
rgdpe,CRI,1960,5630.53613281250000000
pop,CRI,1960,1.30904231193594000
rgdpe,CRI,1970,9886.32128906250000000
pop,CRI,1970,1.82037900000000000
rgdpe,CRI,1980,16617.18750000000000000
pop,CRI,1980,2.34334500000000000
rgdpe,CRI,1990,19933.00976562500000000
pop,CRI,1990,3.07024000000000000
rgdpe,CRI,2000,33077.66015625000000000
pop,CRI,2000,3.91918000000000000
rgdpe,CRI,2010,46358.18359375000000000
pop,CRI,2010,4.65888700000000000
rgdpe,CYP,1950,1085.05810546875000000
pop,CYP,1950,0.49330473478685300
rgdpe,CYP,1960,1721.13330078125000000
pop,CYP,1960,0.57219354864952800
rgdpe,CYP,1970,3594.62524414063000000
pop,CYP,1970,0.61373500000000000
rgdpe,CYP,1980,5237.82177734375000000
pop,CYP,1980,0.50860000000000000
rgdpe,CYP,1990,9964.09667968750000000
pop,CYP,1990,0.57940000000000000
rgdpe,CYP,2000,15456.83007812500000000
pop,CYP,2000,0.69360000000000000
rgdpe,CYP,2010,23256.06054687500000000
pop,CYP,2010,0.80936100000000000
rgdpe,CZE,1990,199835.95312500000000000
pop,CZE,1990,10.30271800000000000
rgdpe,CZE,2000,182742.89062500000000000
pop,CZE,2000,10.24289000000000000
rgdpe,CZE,2010,244792.43750000000000000
pop,CZE,2010,10.49296000000000000
rgdpe,DEU,1950,280959.34375000000000000
pop,DEU,1950,68.37625104468530000
rgdpe,DEU,1960,650134.25000000000000000
pop,DEU,1960,72.81526734261670000
rgdpe,DEU,1970,1017143.81250000000000000
pop,DEU,1970,78.16928700000000000
rgdpe,DEU,1980,1386544.75000000000000000
pop,DEU,1980,78.28857700000000000
rgdpe,DEU,1990,1763367.00000000000000000
pop,DEU,1990,79.09809400000000000
rgdpe,DEU,2000,2435641.00000000000000000
pop,DEU,2000,82.34902700000000000
rgdpe,DEU,2010,2789140.25000000000000000
pop,DEU,2010,82.30246500000000000
rgdpe,DJI,1970,1090.45080566406000000
pop,DJI,1970,0.16162200000000000
rgdpe,DJI,1980,1327.44909667969000000
pop,DJI,1980,0.34013300000000000
rgdpe,DJI,1990,1448.28479003906000000
pop,DJI,1990,0.56229000000000000
rgdpe,DJI,2000,1677.08593750000000000
pop,DJI,2000,0.73193000000000000
rgdpe,DJI,2010,2423.49682617188000000
pop,DJI,2010,0.88871600000000000
rgdpe,DMA,1970,204.78247070312500000
pop,DMA,1970,0.07107600000000000
rgdpe,DMA,1980,279.31832885742200000
pop,DMA,1980,0.07531200000000000
rgdpe,DMA,1990,467.90628051757800000
pop,DMA,1990,0.07092600000000000
rgdpe,DMA,2000,608.05255126953100000
pop,DMA,2000,0.06967200000000000
rgdpe,DMA,2010,758.55328369140600000
pop,DMA,2010,0.06775700000000000
rgdpe,DNK,1950,35963.35937500000000000
pop,DNK,1950,4.27095407300461000
rgdpe,DNK,1960,50796.30468750000000000
pop,DNK,1960,4.58095073950694000
rgdpe,DNK,1970,84032.40625000000000000
pop,DNK,1970,4.92870400000000000
rgdpe,DNK,1980,103512.73437500000000000
pop,DNK,1980,5.12302600000000000
rgdpe,DNK,1990,120480.80468750000000000
pop,DNK,1990,5.14103400000000000
rgdpe,DNK,2000,173555.32812500000000000
pop,DNK,2000,5.33950100000000000
rgdpe,DNK,2010,200073.67187500000000000
pop,DNK,2010,5.55014200000000000
rgdpe,DOM,1960,6990.02539062500000000
pop,DOM,1960,3.29638583565583000
rgdpe,DOM,1970,12203.48535156250000000
pop,DOM,1970,4.51157700000000000
rgdpe,DOM,1980,23898.35546875000000000
pop,DOM,1980,5.79407400000000000
rgdpe,DOM,1990,27796.57421875000000000
pop,DOM,1990,7.19466600000000000
rgdpe,DOM,2000,51835.23046875000000000
pop,DOM,2000,8.59196700000000000
rgdpe,DOM,2010,85167.28125000000000000
pop,DOM,2010,9.92732000000000000
rgdpe,ECU,1950,5700.81640625000000000
pop,ECU,1950,3.38839727978558000
rgdpe,ECU,1960,9525.73535156250000000
pop,ECU,1960,4.44065429106388000
rgdpe,ECU,1970,15195.70410156250000000
pop,ECU,1970,5.97246400000000000
rgdpe,ECU,1980,36888.12109375000000000
pop,ECU,1980,7.95781100000000000
rgdpe,ECU,1990,41338.56640625000000000
pop,ECU,1990,10.26058700000000000
rgdpe,ECU,2000,52084.92187500000000000
pop,ECU,2000,12.34502300000000000
rgdpe,ECU,2010,98562.60156250000000000
pop,ECU,2010,14.46473900000000000
rgdpe,EGY,1950,11864.64453125000000000
pop,EGY,1950,22.68094546479330000
rgdpe,EGY,1960,15978.94531250000000000
pop,EGY,1960,28.72513319137330000
rgdpe,EGY,1970,32299.12695312500000000
pop,EGY,1970,35.92328300000000000
rgdpe,EGY,1980,47739.85546875000000000
pop,EGY,1980,44.95249700000000000
rgdpe,EGY,1990,103418.04687500000000000
pop,EGY,1990,56.84327500000000000
rgdpe,EGY,2000,293284.53125000000000000
pop,EGY,2000,67.64841900000000000
rgdpe,EGY,2010,461198.09375000000000000
pop,EGY,2010,81.12107700000000000
rgdpe,ESP,1950,87202.46093750000000000
pop,ESP,1950,27.99278338955600000
rgdpe,ESP,1960,155266.70312500000000000
pop,ESP,1960,30.56455978970860000
rgdpe,ESP,1970,324388.12500000000000000
pop,ESP,1970,33.79176100000000000
rgdpe,ESP,1980,486527.65625000000000000
pop,ESP,1980,37.49532100000000000
rgdpe,ESP,1990,611508.93750000000000000
pop,ESP,1990,38.88915800000000000
rgdpe,ESP,2000,978498.56250000000000000
pop,ESP,2000,40.28845700000000000
rgdpe,ESP,2010,1354640.87500000000000000
pop,ESP,2010,46.07698900000000000
rgdpe,EST,1990,16423.71093750000000000
pop,EST,1990,1.56763100000000000
rgdpe,EST,2000,15584.90917968750000000
pop,EST,2000,1.37074900000000000
rgdpe,EST,2010,25265.34570312500000000
pop,EST,2010,1.34114000000000000
rgdpe,ETH,1950,7045.60937500000000000
pop,ETH,1950,19.82600975063690000
rgdpe,ETH,1960,10829.43164062500000000
pop,ETH,1960,23.75111423643030000
rgdpe,ETH,1970,16043.82128906250000000
pop,ETH,1970,28.95938200000000000
rgdpe,ETH,1980,21869.49414062500000000
pop,ETH,1980,35.42628200000000000
rgdpe,ETH,1990,32843.44140625000000000
pop,ETH,1990,48.33326100000000000
rgdpe,ETH,2000,33591.96484375000000000
pop,ETH,2000,65.57789700000000000
rgdpe,ETH,2010,76285.68750000000000000
pop,ETH,2010,82.94954100000000000
rgdpe,FIN,1950,21025.94335937500000000
pop,FIN,1950,4.00863107521926000
rgdpe,FIN,1960,36027.08593750000000000
pop,FIN,1960,4.42930285384799000
rgdpe,FIN,1970,60828.84375000000000000
pop,FIN,1970,4.60599800000000000
rgdpe,FIN,1980,82909.37500000000000000
pop,FIN,1980,4.77948800000000000
rgdpe,FIN,1990,111269.95312500000000000
pop,FIN,1990,4.98644100000000000
rgdpe,FIN,2000,151109.26562500000000000
pop,FIN,2000,5.17337000000000000
rgdpe,FIN,2010,177361.78125000000000000
pop,FIN,2010,5.36454600000000000
rgdpe,FJI,1960,926.91125488281300000
pop,FJI,1960,0.39301203097888700
rgdpe,FJI,1970,1539.43310546875000000
pop,FJI,1970,0.52055500000000000
rgdpe,FJI,1980,2993.67822265625000000
pop,FJI,1980,0.63529700000000000
rgdpe,FJI,1990,3707.25292968750000000
pop,FJI,1990,0.72839000000000000
rgdpe,FJI,2000,4405.58300781250000000
pop,FJI,2000,0.81171800000000000
rgdpe,FJI,2010,4341.11816406250000000
pop,FJI,2010,0.86062300000000000
rgdpe,FRA,1950,267727.68750000000000000
pop,FRA,1950,42.51859410220080000
rgdpe,FRA,1960,433285.15625000000000000
pop,FRA,1960,46.58498556868810000
rgdpe,FRA,1970,756393.75000000000000000
pop,FRA,1970,51.91949300000000000
rgdpe,FRA,1980,1120087.75000000000000000
pop,FRA,1980,55.11103000000000000
rgdpe,FRA,1990,1293837.00000000000000000
pop,FRA,1990,58.18317400000000000
rgdpe,FRA,2000,1752570.12500000000000000
pop,FRA,2000,60.76432500000000000
rgdpe,FRA,2010,2031723.25000000000000000
pop,FRA,2010,64.73112600000000000
rgdpe,GAB,1960,1221.37268066406000000
pop,GAB,1960,0.45895806975799600
rgdpe,GAB,1970,2882.21264648438000000
pop,GAB,1970,0.52952600000000000
rgdpe,GAB,1980,8246.37695312500000000
pop,GAB,1980,0.68264100000000000
rgdpe,GAB,1990,7320.35546875000000000
pop,GAB,1990,0.92904400000000000
rgdpe,GAB,2000,10694.07519531250000000
pop,GAB,2000,1.23527400000000000
rgdpe,GAB,2010,30034.55468750000000000
pop,GAB,2010,1.50546300000000000
rgdpe,GBR,1950,401533.06250000000000000
pop,GBR,1950,50.13906500808890000
rgdpe,GBR,1960,540333.12500000000000000
pop,GBR,1960,52.38460535447220000
rgdpe,GBR,1970,724500.37500000000000000
pop,GBR,1970,55.64539000000000000
rgdpe,GBR,1980,962106.37500000000000000
pop,GBR,1980,56.30301100000000000
rgdpe,GBR,1990,1197012.25000000000000000
pop,GBR,1990,57.21447400000000000
rgdpe,GBR,2000,1776222.62500000000000000
pop,GBR,2000,58.87411700000000000
rgdpe,GBR,2010,2016349.25000000000000000
pop,GBR,2010,62.03557000000000000
rgdpe,GEO,1990,51181.97656250000000000
pop,GEO,1990,5.45999900000000000
rgdpe,GEO,2000,12234.71679687500000000
pop,GEO,2000,4.74576500000000000
rgdpe,GEO,2010,23315.11132812500000000
pop,GEO,2010,4.35224400000000000
rgdpe,GHA,1960,17728.22656250000000000
pop,GHA,1960,6.87346963696940000
rgdpe,GHA,1970,22901.02148437500000000
pop,GHA,1970,8.68181800000000000
rgdpe,GHA,1980,22975.29492187500000000
pop,GHA,1980,10.92270800000000000
rgdpe,GHA,1990,26000.99804687500000000
pop,GHA,1990,14.79341500000000000
rgdpe,GHA,2000,40259.49609375000000000
pop,GHA,2000,19.16549000000000000
rgdpe,GHA,2010,72003.14843750000000000
pop,GHA,2010,24.39182300000000000
rgdpe,GIN,1960,6238.72021484375000000
pop,GIN,1960,3.44992767953080000
rgdpe,GIN,1970,6572.95507812500000000
pop,GIN,1970,4.15365300000000000
rgdpe,GIN,1980,8924.87011718750000000
pop,GIN,1980,4.40683100000000000
rgdpe,GIN,1990,11032.71875000000000000
pop,GIN,1990,5.75937400000000000
rgdpe,GIN,2000,11752.13378906250000000
pop,GIN,2000,8.34448600000000000
rgdpe,GIN,2010,11092.59277343750000000
pop,GIN,2010,9.98159000000000000
rgdpe,GMB,1960,507.36407470703100000
pop,GMB,1960,0.33312934673119000
rgdpe,GMB,1970,738.25622558593800000
pop,GMB,1970,0.45866300000000000
rgdpe,GMB,1980,905.14514160156300000
pop,GMB,1980,0.62978600000000000
rgdpe,GMB,1990,1378.48876953125000000
pop,GMB,1990,0.96615100000000000
rgdpe,GMB,2000,1905.52355957031000000
pop,GMB,2000,1.29708400000000000
rgdpe,GMB,2010,2814.77612304688000000
pop,GMB,2010,1.72839400000000000
rgdpe,GNB,1960,690.83758544921900000
pop,GNB,1960,0.59967008275862000
rgdpe,GNB,1970,1015.14978027344000000
pop,GNB,1970,0.60291600000000000
rgdpe,GNB,1980,1136.97009277344000000
pop,GNB,1980,0.83461100000000000
rgdpe,GNB,1990,1321.70373535156000000
pop,GNB,1990,1.01669500000000000
rgdpe,GNB,2000,1450.57775878906000000
pop,GNB,2000,1.24065500000000000
rgdpe,GNB,2010,1891.09960937500000000
pop,GNB,2010,1.51522400000000000
rgdpe,GNQ,1960,107.23107147216800000
pop,GNQ,1960,0.26232779547395900
rgdpe,GNQ,1970,153.61244201660200000
pop,GNQ,1970,0.29090700000000000
rgdpe,GNQ,1980,207.98168945312500000
pop,GNQ,1980,0.22058200000000000
rgdpe,GNQ,1990,164.62730407714800000
pop,GNQ,1990,0.37388700000000000
rgdpe,GNQ,2000,1969.97290039063000000
pop,GNQ,2000,0.52038000000000000
rgdpe,GNQ,2010,6180.33935546875000000
pop,GNQ,2010,0.70040100000000000
rgdpe,GRC,1960,33467.58203125000000000
pop,GRC,1960,8.32759062576952000
rgdpe,GRC,1970,76004.87500000000000000
pop,GRC,1970,8.79300200000000000
rgdpe,GRC,1980,115103.24218750000000000
pop,GRC,1980,9.64250400000000000
rgdpe,GRC,1990,143854.70312500000000000
pop,GRC,1990,10.16050100000000000
rgdpe,GRC,2000,223624.75000000000000000
pop,GRC,2000,10.98688300000000000
rgdpe,GRC,2010,291878.43750000000000000
pop,GRC,2010,11.35934600000000000
rgdpe,GRD,1970,144.43588256835900000
pop,GRD,1970,0.09439300000000000
rgdpe,GRD,1980,229.13272094726600000
pop,GRD,1980,0.08893600000000000
rgdpe,GRD,1990,402.12460327148400000
pop,GRD,1990,0.09620000000000000
rgdpe,GRD,2000,744.61492919921900000
pop,GRD,2000,0.10152200000000000
rgdpe,GRD,2010,885.48376464843800000
pop,GRD,2010,0.10448700000000000
rgdpe,GTM,1950,6682.60888671875000000
pop,GTM,1950,3.07245743917593000
rgdpe,GTM,1960,9399.43066406250000000
pop,GTM,1960,4.24261267606688000
rgdpe,GTM,1970,15695.09472656250000000
pop,GTM,1970,5.44768700000000000
rgdpe,GTM,1980,25275.39062500000000000
pop,GTM,1980,7.03648400000000000
rgdpe,GTM,1990,28133.73828125000000000
pop,GTM,1990,8.92313100000000000
rgdpe,GTM,2000,41884.82421875000000000
pop,GTM,2000,11.23710100000000000
rgdpe,GTM,2010,60004.34375000000000000
pop,GTM,2010,14.38892900000000000
rgdpe,HKG,1960,10350.83691406250000000
pop,HKG,1960,3.07459467734276000
rgdpe,HKG,1970,27150.11718750000000000
pop,HKG,1970,3.95809200000000000
rgdpe,HKG,1980,67339.56250000000000000
pop,HKG,1980,5.05355400000000000
rgdpe,HKG,1990,126775.94531250000000000
pop,HKG,1990,5.79385700000000000
rgdpe,HKG,2000,216013.35937500000000000
pop,HKG,2000,6.78331700000000000
rgdpe,HKG,2010,311154.21875000000000000
pop,HKG,2010,7.05318900000000000
rgdpe,HND,1950,2844.94726562500000000
pop,HND,1950,1.39387643306941000
rgdpe,HND,1960,3650.58422851563000000
pop,HND,1960,1.90041615360931000
rgdpe,HND,1970,5663.81933593750000000
pop,HND,1970,2.68820800000000000
rgdpe,HND,1980,9679.53710937500000000
pop,HND,1980,3.62764000000000000
rgdpe,HND,1990,12186.09179687500000000
pop,HND,1990,4.88931100000000000
rgdpe,HND,2000,15993.00488281250000000
pop,HND,2000,6.21815100000000000
rgdpe,HND,2010,21789.89062500000000000
pop,HND,2010,7.60052400000000000
rgdpe,HRV,1990,59178.56250000000000000
pop,HRV,1990,4.51720000000000000
rgdpe,HRV,2000,54235.73046875000000000
pop,HRV,2000,4.50553300000000000
rgdpe,HRV,2010,76009.85937500000000000
pop,HRV,2010,4.40333000000000000
rgdpe,HUN,1970,51049.84765625000000000
pop,HUN,1970,10.31542000000000000
rgdpe,HUN,1980,99026.82031250000000000
pop,HUN,1980,10.69853400000000000
rgdpe,HUN,1990,117484.32812500000000000
pop,HUN,1990,10.37632000000000000
rgdpe,HUN,2000,140446.10937500000000000
pop,HUN,2000,10.21054500000000000
rgdpe,HUN,2010,187827.23437500000000000
pop,HUN,2010,9.98364500000000000
rgdpe,IDN,1960,76470.46093750000000000
pop,IDN,1960,97.42223095754850000
rgdpe,IDN,1970,97717.93750000000000000
pop,IDN,1970,118.96612200000000000
rgdpe,IDN,1980,284529.71875000000000000
pop,IDN,1980,151.40075100000000000
rgdpe,IDN,1990,505221.40625000000000000
pop,IDN,1990,185.08908400000000000
rgdpe,IDN,2000,700914.06250000000000000
pop,IDN,2000,213.39541100000000000
rgdpe,IDN,2010,1058258.12500000000000000
pop,IDN,2010,239.87093700000000000
rgdpe,IND,1950,295305.78125000000000000
pop,IND,1950,369.87006799630600000
rgdpe,IND,1960,434306.15625000000000000
pop,IND,1960,445.38128931741600000
rgdpe,IND,1970,672006.93750000000000000
pop,IND,1970,553.87389000000000000
rgdpe,IND,1980,746803.31250000000000000
pop,IND,1980,700.05858900000000000
rgdpe,IND,1990,1065079.50000000000000000
pop,IND,1990,873.78544900000000000
rgdpe,IND,2000,1982386.37500000000000000
pop,IND,2000,1053.89810700000000000
rgdpe,IND,2010,4404444.50000000000000000
pop,IND,2010,1224.61432700000000000
rgdpe,IRL,1950,13385.93261718750000000
pop,IRL,1950,2.97599457454323000
rgdpe,IRL,1960,16163.86914062500000000
pop,IRL,1960,2.84440277956679000
rgdpe,IRL,1970,24178.90234375000000000
pop,IRL,1970,2.96302000000000000
rgdpe,IRL,1980,40496.43750000000000000
pop,IRL,1980,3.41779800000000000
rgdpe,IRL,1990,57685.28515625000000000
pop,IRL,1990,3.53121900000000000
rgdpe,IRL,2000,124515.86718750000000000
pop,IRL,2000,3.80378000000000000
rgdpe,IRL,2010,161815.54687500000000000
pop,IRL,2010,4.46990000000000000
rgdpe,IRN,1960,45389.56250000000000000
pop,IRN,1960,21.40408095635280000
rgdpe,IRN,1970,87870.08593750000000000
pop,IRN,1970,28.66201100000000000
rgdpe,IRN,1980,138346.78125000000000000
pop,IRN,1980,38.57654100000000000
rgdpe,IRN,1990,144296.31250000000000000
pop,IRN,1990,54.87058300000000000
rgdpe,IRN,2000,435177.71875000000000000
pop,IRN,2000,65.34231900000000000
rgdpe,IRN,2010,979295.87500000000000000
pop,IRN,2010,73.97363000000000000
rgdpe,IRQ,1970,28966.59765625000000000
pop,IRQ,1970,10.02178500000000000
rgdpe,IRQ,1980,85811.02343750000000000
pop,IRQ,1980,13.74353400000000000
rgdpe,IRQ,1990,74454.10937500000000000
pop,IRQ,1990,17.37376700000000000
rgdpe,IRQ,2000,104341.42187500000000000
pop,IRQ,2000,23.85745800000000000
rgdpe,IRQ,2010,142224.50000000000000000
pop,IRQ,2010,31.67159100000000000
rgdpe,ISL,1950,1046.68505859375000000
pop,ISL,1950,0.14293589904166500
rgdpe,ISL,1960,1729.13574218750000000
pop,ISL,1960,0.17585741514130100
rgdpe,ISL,1970,2976.39208984375000000
pop,ISL,1970,0.20410100000000000
rgdpe,ISL,1980,5578.08203125000000000
pop,ISL,1980,0.22816000000000000
rgdpe,ISL,1990,6992.92675781250000000
pop,ISL,1990,0.25479300000000000
rgdpe,ISL,2000,9500.42382812500000000
pop,ISL,2000,0.28121000000000000
rgdpe,ISL,2010,10034.65527343750000000
pop,ISL,2010,0.32013600000000000
rgdpe,ISR,1950,6900.78955078125000000
pop,ISR,1950,1.26225497564401000
rgdpe,ISR,1960,16031.01953125000000000
pop,ISR,1960,2.10173980649465000
rgdpe,ISR,1970,33513.33593750000000000
pop,ISR,1970,2.84953400000000000
rgdpe,ISR,1980,53334.24218750000000000
pop,ISR,1980,3.74579700000000000
rgdpe,ISR,1990,84604.08593750000000000
pop,ISR,1990,4.49994900000000000
rgdpe,ISR,2000,168223.14062500000000000
pop,ISR,2000,6.01495300000000000
rgdpe,ISR,2010,182581.68750000000000000
pop,ISR,2010,7.41840000000000000
rgdpe,ITA,1950,179556.81250000000000000
pop,ITA,1950,46.80976321879350000
rgdpe,ITA,1960,317003.46875000000000000
pop,ITA,1960,49.88297994165610000
rgdpe,ITA,1970,594917.18750000000000000
pop,ITA,1970,53.32477200000000000
rgdpe,ITA,1980,990532.87500000000000000
pop,ITA,1980,56.22117100000000000
rgdpe,ITA,1990,1265244.87500000000000000
pop,ITA,1990,56.83233000000000000
rgdpe,ITA,2000,1695459.25000000000000000
pop,ITA,2000,56.98632900000000000
rgdpe,ITA,2010,1790171.62500000000000000
pop,ITA,2010,60.55084800000000000
rgdpe,JAM,1960,6768.82714843750000000
pop,JAM,1960,1.56902730664625000
rgdpe,JAM,1970,10235.15039062500000000
pop,JAM,1970,1.86903100000000000
rgdpe,JAM,1980,7998.57128906250000000
pop,JAM,1980,2.13239000000000000
rgdpe,JAM,1990,10026.61328125000000000
pop,JAM,1990,2.36490900000000000
rgdpe,JAM,2000,12722.50000000000000000
pop,JAM,2000,2.58164800000000000
rgdpe,JAM,2010,13842.96093750000000000
pop,JAM,2010,2.74105200000000000
rgdpe,JOR,1960,2549.25292968750000000
pop,JOR,1960,0.94108130947018500
rgdpe,JOR,1970,4598.04541015625000000
pop,JOR,1970,1.66692000000000000
rgdpe,JOR,1980,9562.12500000000000000
pop,JOR,1980,2.29869100000000000
rgdpe,JOR,1990,11084.19335937500000000
pop,JOR,1990,3.41556700000000000
rgdpe,JOR,2000,17380.57812500000000000
pop,JOR,2000,4.82709600000000000
rgdpe,JOR,2010,38299.85546875000000000
pop,JOR,2010,6.18722700000000000
rgdpe,JPN,1950,196236.71875000000000000
pop,JPN,1950,83.29524990183280000
rgdpe,JPN,1960,448412.15625000000000000
pop,JPN,1960,93.51931866693860000
rgdpe,JPN,1970,1197891.87500000000000000
pop,JPN,1970,103.71028700000000000
rgdpe,JPN,1980,1995503.37500000000000000
pop,JPN,1980,115.91468800000000000
rgdpe,JPN,1990,2960112.00000000000000000
pop,JPN,1990,122.25118400000000000
rgdpe,JPN,2000,3745734.50000000000000000
pop,JPN,2000,125.72031000000000000
rgdpe,JPN,2010,3912030.75000000000000000
pop,JPN,2010,126.53592000000000000
rgdpe,KAZ,1990,165066.18750000000000000
pop,KAZ,1990,16.53000000000000000
rgdpe,KAZ,2000,83838.34375000000000000
pop,KAZ,2000,14.95669400000000000
rgdpe,KAZ,2010,234637.06250000000000000
pop,KAZ,2010,16.02636700000000000
rgdpe,KEN,1950,7798.14794921875000000
pop,KEN,1950,6.12397922470820000
rgdpe,KEN,1960,11405.56152343750000000
pop,KEN,1960,8.16055179643985000
rgdpe,KEN,1970,16610.15039062500000000
pop,KEN,1970,11.25231800000000000
rgdpe,KEN,1980,27109.55859375000000000
pop,KEN,1980,16.26755800000000000
rgdpe,KEN,1990,37996.63671875000000000
pop,KEN,1990,23.44717700000000000
rgdpe,KEN,2000,47574.01171875000000000
pop,KEN,2000,31.25370100000000000
rgdpe,KEN,2010,65391.66015625000000000
pop,KEN,2010,40.51268200000000000
rgdpe,KGZ,1990,28542.35937500000000000
pop,KGZ,1990,4.39450200000000000
rgdpe,KGZ,2000,9070.68847656250000000
pop,KGZ,2000,4.95485000000000000
rgdpe,KGZ,2010,10634.61035156250000000
pop,KGZ,2010,5.33422300000000000
rgdpe,KHM,1970,10383.18164062500000000
pop,KHM,1970,6.93799600000000000
rgdpe,KHM,1980,4969.76513671875000000
pop,KHM,1980,6.50569300000000000
rgdpe,KHM,1990,8597.92871093750000000
pop,KHM,1990,9.53192800000000000
rgdpe,KHM,2000,14380.07128906250000000
pop,KHM,2000,12.44694900000000000
rgdpe,KHM,2010,34499.82421875000000000
pop,KHM,2010,14.13825500000000000
rgdpe,KNA,1970,109.26735687255900000
pop,KNA,1970,0.04488700000000000
rgdpe,KNA,1980,208.07009887695300000
pop,KNA,1980,0.04317400000000000
rgdpe,KNA,1990,345.70773315429700000
pop,KNA,1990,0.04073100000000000
rgdpe,KNA,2000,548.28802490234400000
pop,KNA,2000,0.04608300000000000
rgdpe,KNA,2010,671.75506591796900000
pop,KNA,2010,0.05240200000000000
rgdpe,KOR,1960,26044.29882812500000000
pop,KOR,1960,24.17072773053130000
rgdpe,KOR,1970,60300.58593750000000000
pop,KOR,1970,31.44302900000000000
rgdpe,KOR,1980,164039.67187500000000000
pop,KOR,1980,37.45953000000000000
rgdpe,KOR,1990,464045.84375000000000000
pop,KOR,1990,42.98036500000000000
rgdpe,KOR,2000,910664.43750000000000000
pop,KOR,2000,45.98762400000000000
rgdpe,KOR,2010,1328797.75000000000000000
pop,KOR,2010,48.18358400000000000
rgdpe,KWT,1970,16183.25781250000000000
pop,KWT,1970,0.75314200000000000
rgdpe,KWT,1980,57847.23828125000000000
pop,KWT,1980,1.37696300000000000
rgdpe,KWT,1990,34407.90625000000000000
pop,KWT,1990,2.08768700000000000
rgdpe,KWT,2000,68222.02343750000000000
pop,KWT,2000,1.94078600000000000
rgdpe,KWT,2010,172640.17187500000000000
pop,KWT,2010,2.73673200000000000
rgdpe,LAO,1970,1864.01770019531000000
pop,LAO,1970,2.69120700000000000
rgdpe,LAO,1980,2666.73144531250000000
pop,LAO,1980,3.23455500000000000
rgdpe,LAO,1990,4998.18798828125000000
pop,LAO,1990,4.19241400000000000
rgdpe,LAO,2000,8826.92578125000000000
pop,LAO,2000,5.31706000000000000
rgdpe,LAO,2010,16522.93945312500000000
pop,LAO,2010,6.20089400000000000
rgdpe,LBN,1970,12972.46386718750000000
pop,LBN,1970,2.46428600000000000
rgdpe,LBN,1980,10193.17285156250000000
pop,LBN,1980,2.79463800000000000
rgdpe,LBN,1990,8420.02441406250000000
pop,LBN,1990,2.94837200000000000
rgdpe,LBN,2000,21967.39257812500000000
pop,LBN,2000,3.74232900000000000
rgdpe,LBN,2010,64923.51953125000000000
pop,LBN,2010,4.22759700000000000
rgdpe,LBR,1970,2817.96948242188000000
pop,LBR,1970,1.43967700000000000
rgdpe,LBR,1980,3183.93457031250000000
pop,LBR,1980,1.92253600000000000
rgdpe,LBR,1990,1426.72155761719000000
pop,LBR,1990,2.12709800000000000
rgdpe,LBR,2000,1840.52075195313000000
pop,LBR,2000,2.84729000000000000
rgdpe,LBR,2010,2252.78955078125000000
pop,LBR,2010,3.99412200000000000
rgdpe,LCA,1970,394.19934082031300000
pop,LCA,1970,0.10410100000000000
rgdpe,LCA,1980,770.53875732421900000
pop,LCA,1980,0.11769100000000000
rgdpe,LCA,1990,846.06640625000000000
pop,LCA,1990,0.13804200000000000
rgdpe,LCA,2000,1161.32470703125000000
pop,LCA,2000,0.15710800000000000
rgdpe,LCA,2010,1655.79296875000000000
pop,LCA,2010,0.17426700000000000
rgdpe,LKA,1950,18219.70507812500000000
pop,LKA,1950,7.49480862825635000
rgdpe,LKA,1960,23879.26953125000000000
pop,LKA,1960,9.86310184155659000
rgdpe,LKA,1970,32939.72656250000000000
pop,LKA,1970,12.55458300000000000
rgdpe,LKA,1980,25153.34765625000000000
pop,LKA,1980,15.08277100000000000
rgdpe,LKA,1990,45629.73437500000000000
pop,LKA,1990,17.33704800000000000
rgdpe,LKA,2000,72193.19531250000000000
pop,LKA,2000,18.74508400000000000
rgdpe,LKA,2010,118469.99218750000000000
pop,LKA,2010,20.85994900000000000
rgdpe,LSO,1960,470.11593627929700000
pop,LSO,1960,0.83112270530091800
rgdpe,LSO,1970,767.56506347656300000
pop,LSO,1970,1.03304400000000000
rgdpe,LSO,1980,1421.50964355469000000
pop,LSO,1980,1.30998100000000000
rgdpe,LSO,1990,1910.37756347656000000
pop,LSO,1990,1.63917700000000000
rgdpe,LSO,2000,2724.08666992188000000
pop,LSO,2000,1.96387800000000000
rgdpe,LSO,2010,4146.77539062500000000
pop,LSO,2010,2.17131800000000000
rgdpe,LTU,1990,42687.52343750000000000
pop,LTU,1990,3.69589000000000000
rgdpe,LTU,2000,35937.89843750000000000
pop,LTU,2000,3.50002800000000000
rgdpe,LTU,2010,54484.19531250000000000
pop,LTU,2010,3.32361100000000000
rgdpe,LUX,1950,3063.06518554688000000
pop,LUX,1950,0.29559571490739300
rgdpe,LUX,1960,5247.28320312500000000
pop,LUX,1960,0.31397825687110500
rgdpe,LUX,1970,7584.81298828125000000
pop,LUX,1970,0.33918400000000000
rgdpe,LUX,1980,9679.01953125000000000
pop,LUX,1980,0.36415800000000000
rgdpe,LUX,1990,14454.14062500000000000
pop,LUX,1990,0.38122500000000000
rgdpe,LUX,2000,27282.10937500000000000
pop,LUX,2000,0.43549100000000000
rgdpe,LUX,2010,39987.98437500000000000
pop,LUX,2010,0.50744800000000000
rgdpe,LVA,1990,34784.19531250000000000
pop,LVA,1990,2.66390500000000000
rgdpe,LVA,2000,22314.91992187500000000
pop,LVA,2000,2.38497200000000000
rgdpe,LVA,2010,33636.89453125000000000
pop,LVA,2010,2.25206000000000000
rgdpe,MAC,1970,1458.60205078125000000
pop,MAC,1970,0.25099500000000000
rgdpe,MAC,1980,3110.20556640625000000
pop,MAC,1980,0.24623000000000000
rgdpe,MAC,1990,7668.01464843750000000
pop,MAC,1990,0.35970900000000000
rgdpe,MAC,2000,10700.35058593750000000
pop,MAC,2000,0.43186700000000000
rgdpe,MAC,2010,34742.09375000000000000
pop,MAC,2010,0.54365600000000000
rgdpe,MAR,1950,10804.25000000000000000
pop,MAR,1950,8.99143187373906000
rgdpe,MAR,1960,15140.94921875000000000
pop,MAR,1960,11.95546072481810000
rgdpe,MAR,1970,29692.65625000000000000
pop,MAR,1970,15.30999500000000000
rgdpe,MAR,1980,46836.01171875000000000
pop,MAR,1980,19.56692000000000000
rgdpe,MAR,1990,86310.98437500000000000
pop,MAR,1990,24.78110500000000000
rgdpe,MAR,2000,110264.93750000000000000
pop,MAR,2000,28.79323600000000000
rgdpe,MAR,2010,142952.18750000000000000
pop,MAR,2010,31.95141200000000000
rgdpe,MDA,1990,20470.31835937500000000
pop,MDA,1990,4.36395000000000000
rgdpe,MDA,2000,6797.28466796875000000
pop,MDA,2000,4.10673600000000000
rgdpe,MDA,2010,11311.92578125000000000
pop,MDA,2010,3.57288500000000000
rgdpe,MDG,1960,6074.93212890625000000
pop,MDG,1960,5.30612654978033000
rgdpe,MDG,1970,8655.02246093750000000
pop,MDG,1970,6.54892200000000000
rgdpe,MDG,1980,8481.22167968750000000
pop,MDG,1980,8.60896400000000000
rgdpe,MDG,1990,10394.21582031250000000
pop,MDG,1990,11.28062500000000000
rgdpe,MDG,2000,14080.73828125000000000
pop,MDG,2000,15.36427200000000000
rgdpe,MDG,2010,19578.23046875000000000
pop,MDG,2010,20.71381900000000000
rgdpe,MDV,1970,158.50067138671900000
pop,MDV,1970,0.11577200000000000
rgdpe,MDV,1980,380.83688354492200000
pop,MDV,1980,0.15662600000000000
rgdpe,MDV,1990,957.03228759765600000
pop,MDV,1990,0.21947400000000000
rgdpe,MDV,2000,2047.75915527344000000
pop,MDV,2000,0.27323600000000000
rgdpe,MDV,2010,3812.24731445313000000
pop,MDV,2010,0.31588500000000000
rgdpe,MEX,1950,109477.71093750000000000
pop,MEX,1950,27.99572592042830000
rgdpe,MEX,1960,192240.26562500000000000
pop,MEX,1960,37.91561971522990000
rgdpe,MEX,1970,360737.40625000000000000
pop,MEX,1970,51.86833500000000000
rgdpe,MEX,1980,735074.87500000000000000
pop,MEX,1980,68.77641100000000000
rgdpe,MEX,1990,769903.06250000000000000
pop,MEX,1990,84.30660200000000000
rgdpe,MEX,2000,1098260.87500000000000000
pop,MEX,2000,99.95959400000000000
rgdpe,MEX,2010,1413105.75000000000000000
pop,MEX,2010,113.42304700000000000
rgdpe,MKD,1990,9605.57910156250000000
pop,MKD,1990,1.90935300000000000
rgdpe,MKD,2000,11674.13183593750000000
pop,MKD,2000,2.00909100000000000
rgdpe,MKD,2010,17117.43554687500000000
pop,MKD,2010,2.06056300000000000
rgdpe,MLI,1960,2199.09399414063000000
pop,MLI,1960,4.89019655850337000
rgdpe,MLI,1970,2728.18334960938000000
pop,MLI,1970,6.03402200000000000
rgdpe,MLI,1980,3380.82226562500000000
pop,MLI,1980,7.24559800000000000
rgdpe,MLI,1990,5510.55175781250000000
pop,MLI,1990,8.67286800000000000
rgdpe,MLI,2000,9839.06445312500000000
pop,MLI,2000,11.29532400000000000
rgdpe,MLI,2010,17874.14843750000000000
pop,MLI,2010,15.36980900000000000
rgdpe,MLT,1960,1134.62109375000000000
pop,MLT,1960,0.31262502970297000
rgdpe,MLT,1970,1895.02478027344000000
pop,MLT,1970,0.30360700000000000
rgdpe,MLT,1980,2795.10839843750000000
pop,MLT,1980,0.32670900000000000
rgdpe,MLT,1990,4237.22167968750000000
pop,MLT,1990,0.36752400000000000
rgdpe,MLT,2000,8231.92871093750000000
pop,MLT,2000,0.39742000000000000
rgdpe,MLT,2010,9752.42480468750000000
pop,MLT,2010,0.41651500000000000
rgdpe,MNE,1990,6312.85009765625000000
pop,MNE,1990,0.60881600000000000
rgdpe,MNE,2000,5049.05126953125000000
pop,MNE,2000,0.63260600000000000
rgdpe,MNE,2010,7034.65869140625000000
pop,MNE,2010,0.63149000000000000
rgdpe,MNG,1970,1238.44177246094000000
pop,MNG,1970,1.28153500000000000
rgdpe,MNG,1980,2312.12939453125000000
pop,MNG,1980,1.69312200000000000
rgdpe,MNG,1990,5855.04345703125000000
pop,MNG,1990,2.19255300000000000
rgdpe,MNG,2000,5129.78662109375000000
pop,MNG,2000,2.41136900000000000
rgdpe,MNG,2010,14776.59960937500000000
pop,MNG,2010,2.75600100000000000
rgdpe,MOZ,1960,3017.86010742188000000
pop,MOZ,1960,7.59189811229126000
rgdpe,MOZ,1970,4696.09375000000000000
pop,MOZ,1970,9.45338500000000000
rgdpe,MOZ,1980,6952.88330078125000000
pop,MOZ,1980,12.14550100000000000
rgdpe,MOZ,1990,5504.89160156250000000
pop,MOZ,1990,13.54707600000000000
rgdpe,MOZ,2000,9141.44140625000000000
pop,MOZ,2000,18.20065600000000000
rgdpe,MOZ,2010,21724.31445312500000000
pop,MOZ,2010,23.39076500000000000
rgdpe,MRT,1960,1029.54296875000000000
pop,MRT,1960,0.98229380160382200
rgdpe,MRT,1970,2521.12133789063000000
pop,MRT,1970,1.13353900000000000
rgdpe,MRT,1980,3264.40258789063000000
pop,MRT,1980,1.51781700000000000
rgdpe,MRT,1990,3584.25634765625000000
pop,MRT,1990,1.99554800000000000
rgdpe,MRT,2000,4943.73144531250000000
pop,MRT,2000,2.64274300000000000
rgdpe,MRT,2010,10636.12304687500000000
pop,MRT,2010,3.45977300000000000
rgdpe,MUS,1950,2004.34387207031000000
pop,MUS,1950,0.47973308942256300
rgdpe,MUS,1960,2129.93408203125000000
pop,MUS,1960,0.66111101287143800
rgdpe,MUS,1970,3182.24755859375000000
pop,MUS,1970,0.82686200000000000
rgdpe,MUS,1980,4640.50097656250000000
pop,MUS,1980,0.96402300000000000
rgdpe,MUS,1990,8803.41601562500000000
pop,MUS,1990,1.05954800000000000
rgdpe,MUS,2000,14649.92871093750000000
pop,MUS,2000,1.19602700000000000
rgdpe,MUS,2010,15833.80273437500000000
pop,MUS,2010,1.29917200000000000
rgdpe,MWI,1960,2091.40576171875000000
pop,MWI,1960,3.46821491991903000
rgdpe,MWI,1970,3520.82226562500000000
pop,MWI,1970,4.53128000000000000
rgdpe,MWI,1980,4786.00585937500000000
pop,MWI,1980,6.23989800000000000
rgdpe,MWI,1990,6330.44531250000000000
pop,MWI,1990,9.38089200000000000
rgdpe,MWI,2000,7433.13720703125000000
pop,MWI,2000,11.22875600000000000
rgdpe,MWI,2010,14272.70312500000000000
pop,MWI,2010,14.90084100000000000
rgdpe,MYS,1960,19620.67187500000000000
pop,MYS,1960,8.42782630472477000
rgdpe,MYS,1970,30983.56054687500000000
pop,MYS,1970,10.90935300000000000
rgdpe,MYS,1980,86709.22656250000000000
pop,MYS,1980,13.83258600000000000
rgdpe,MYS,1990,133831.96875000000000000
pop,MYS,1990,18.20856200000000000
rgdpe,MYS,2000,281851.93750000000000000
pop,MYS,2000,23.41490900000000000
rgdpe,MYS,2010,475673.50000000000000000
pop,MYS,2010,28.40101700000000000
rgdpe,NAM,1960,2322.38281250000000000
pop,NAM,1960,0.60286184231374300
rgdpe,NAM,1970,4067.97631835938000000
pop,NAM,1970,0.78038600000000000
rgdpe,NAM,1980,6176.78369140625000000
pop,NAM,1980,1.01282400000000000
rgdpe,NAM,1990,6696.05859375000000000
pop,NAM,1990,1.41483000000000000
rgdpe,NAM,2000,9327.63671875000000000
pop,NAM,2000,1.89583900000000000
rgdpe,NAM,2010,15098.85546875000000000
pop,NAM,2010,2.28328900000000000
rgdpe,NER,1960,4511.60351562500000000
pop,NER,1960,3.53473887403205000
rgdpe,NER,1970,5700.65283203125000000
pop,NER,1970,4.37295700000000000
rgdpe,NER,1980,7246.89208984375000000
pop,NER,1980,5.87103000000000000
rgdpe,NER,1990,6005.93017578125000000
pop,NER,1990,7.78819800000000000
rgdpe,NER,2000,7100.23242187500000000
pop,NER,2000,10.92242100000000000
rgdpe,NER,2010,10118.70898437500000000
pop,NER,2010,15.51195300000000000
rgdpe,NGA,1950,34602.02343750000000000
pop,NGA,1950,32.81037823460090000
rgdpe,NGA,1960,67225.97656250000000000
pop,NGA,1960,42.87168965176610000
rgdpe,NGA,1970,98227.17187500000000000
pop,NGA,1970,57.35727500000000000
rgdpe,NGA,1980,140209.32812500000000000
pop,NGA,1980,75.54338800000000000
rgdpe,NGA,1990,39647.38281250000000000
pop,NGA,1990,97.55205700000000000
rgdpe,NGA,2000,53118.42578125000000000
pop,NGA,2000,123.68853600000000000
rgdpe,NGA,2010,412769.18750000000000000
pop,NGA,2010,158.42318200000000000
rgdpe,NLD,1950,64975.08593750000000000
pop,NLD,1950,10.05642801584970000
rgdpe,NLD,1960,110200.85937500000000000
pop,NLD,1960,11.42115230325190000
rgdpe,NLD,1970,193447.79687500000000000
pop,NLD,1970,12.95875700000000000
rgdpe,NLD,1980,277745.18750000000000000
pop,NLD,1980,14.08827400000000000
rgdpe,NLD,1990,329222.65625000000000000
pop,NLD,1990,14.89171900000000000
rgdpe,NLD,2000,538048.06250000000000000
pop,NLD,2000,15.86282500000000000
rgdpe,NLD,2010,628584.56250000000000000
pop,NLD,2010,16.61298800000000000
rgdpe,NOR,1950,25645.83203125000000000
pop,NOR,1950,3.26512347371605000
rgdpe,NOR,1960,36458.61718750000000000
pop,NOR,1960,3.58123622913401000
rgdpe,NOR,1970,58091.03515625000000000
pop,NOR,1970,3.87738300000000000
rgdpe,NOR,1980,89209.89843750000000000
pop,NOR,1980,4.08562100000000000
rgdpe,NOR,1990,99650.29687500000000000
pop,NOR,1990,4.24148500000000000
rgdpe,NOR,2000,175690.78125000000000000
pop,NOR,2000,4.49085900000000000
rgdpe,NOR,2010,247653.64062500000000000
pop,NOR,2010,4.88311100000000000
rgdpe,NPL,1960,6879.30224609375000000
pop,NPL,1960,10.03404440236210000
rgdpe,NPL,1970,8931.15429687500000000
pop,NPL,1970,11.91787200000000000
rgdpe,NPL,1980,10365.76953125000000000
pop,NPL,1980,15.04532900000000000
rgdpe,NPL,1990,17455.61718750000000000
pop,NPL,1990,19.08106400000000000
rgdpe,NPL,2000,26232.36914062500000000
pop,NPL,2000,24.40060600000000000
rgdpe,NPL,2010,38142.62890625000000000
pop,NPL,2010,29.95936400000000000
rgdpe,NZL,1950,20715.83984375000000000
pop,NZL,1950,1.90260608937961000
rgdpe,NZL,1960,28891.00976562500000000
pop,NZL,1960,2.36465688596807000
rgdpe,NZL,1970,40033.35546875000000000
pop,NZL,1970,2.81959700000000000
rgdpe,NZL,1980,47185.03125000000000000
pop,NZL,1980,3.14718300000000000
rgdpe,NZL,1990,63702.26562500000000000
pop,NZL,1990,3.39798300000000000
rgdpe,NZL,2000,93826.02343750000000000
pop,NZL,2000,3.85803200000000000
rgdpe,NZL,2010,116479.63281250000000000
pop,NZL,2010,4.36813600000000000
rgdpe,OMN,1970,3010.84716796875000000
pop,OMN,1970,0.73170300000000000
rgdpe,OMN,1980,12201.09277343750000000
pop,OMN,1980,1.18133700000000000
rgdpe,OMN,1990,17697.90625000000000000
pop,OMN,1990,1.86805500000000000
rgdpe,OMN,2000,32338.00195312500000000
pop,OMN,2000,2.26416300000000000
rgdpe,OMN,2010,97941.39843750000000000
pop,OMN,2010,2.78243500000000000
rgdpe,PAK,1950,38619.34375000000000000
pop,PAK,1950,35.65187162345010000
rgdpe,PAK,1960,43872.69531250000000000
pop,PAK,1960,45.53783852720890000
rgdpe,PAK,1970,86209.03125000000000000
pop,PAK,1970,59.38265100000000000
rgdpe,PAK,1980,129747.76562500000000000
pop,PAK,1980,80.49266400000000000
rgdpe,PAK,1990,220514.70312500000000000
pop,PAK,1990,111.84467900000000000
rgdpe,PAK,2000,313797.09375000000000000
pop,PAK,2000,144.52219200000000000
rgdpe,PAK,2010,478204.81250000000000000
pop,PAK,2010,173.59338300000000000
rgdpe,PAN,1950,1743.02685546875000000
pop,PAN,1950,0.88013436285970700
rgdpe,PAN,1960,2846.75585937500000000
pop,PAN,1960,1.13170726358196000
rgdpe,PAN,1970,7010.33398437500000000
pop,PAN,1970,1.50982200000000000
rgdpe,PAN,1980,11084.02343750000000000
pop,PAN,1980,1.95302900000000000
rgdpe,PAN,1990,13682.68750000000000000
pop,PAN,1990,2.41592600000000000
rgdpe,PAN,2000,23186.24414062500000000
pop,PAN,2000,2.95612600000000000
rgdpe,PAN,2010,40108.82812500000000000
pop,PAN,2010,3.51682000000000000
rgdpe,PER,1950,14791.36718750000000000
pop,PER,1950,7.62924978890000000
rgdpe,PER,1960,24095.92382812500000000
pop,PER,1960,9.92677099948456000
rgdpe,PER,1970,44428.00000000000000000
pop,PER,1970,13.18718200000000000
rgdpe,PER,1980,63841.83984375000000000
pop,PER,1980,17.28683200000000000
rgdpe,PER,1990,68026.75781250000000000
pop,PER,1990,21.68553700000000000
rgdpe,PER,2000,120198.30468750000000000
pop,PER,2000,25.86188700000000000
rgdpe,PER,2010,253805.54687500000000000
pop,PER,2010,29.07651200000000000
rgdpe,PHL,1950,25248.21289062500000000
pop,PHL,1950,19.40572538752480000
rgdpe,PHL,1960,45582.25000000000000000
pop,PHL,1960,26.19932039235540000
rgdpe,PHL,1970,75002.73437500000000000
pop,PHL,1970,35.45139200000000000
rgdpe,PHL,1980,132200.09375000000000000
pop,PHL,1980,47.06392300000000000
rgdpe,PHL,1990,194025.48437500000000000
pop,PHL,1990,61.62866800000000000
rgdpe,PHL,2000,302000.43750000000000000
pop,PHL,2000,77.30996500000000000
rgdpe,PHL,2010,399596.43750000000000000
pop,PHL,2010,93.26079800000000000
rgdpe,POL,1970,150041.76562500000000000
pop,POL,1970,32.52902200000000000
rgdpe,POL,1980,190549.00000000000000000
pop,POL,1980,35.57721400000000000
rgdpe,POL,1990,271114.06250000000000000
pop,POL,1990,38.05617400000000000
rgdpe,POL,2000,459377.03125000000000000
pop,POL,2000,38.30244400000000000
rgdpe,POL,2010,687069.00000000000000000
pop,POL,2010,38.27666000000000000
rgdpe,PRT,1950,19391.49804687500000000
pop,PRT,1950,8.10672496536454000
rgdpe,PRT,1960,31872.27539062500000000
pop,PRT,1960,8.67703550318435000
rgdpe,PRT,1970,59438.57421875000000000
pop,PRT,1970,8.68423700000000000
rgdpe,PRT,1980,87864.20312500000000000
pop,PRT,1980,9.78592400000000000
rgdpe,PRT,1990,127442.32812500000000000
pop,PRT,1990,9.92547700000000000
rgdpe,PRT,2000,206386.93750000000000000
pop,PRT,2000,10.33620900000000000
rgdpe,PRT,2010,247292.23437500000000000
pop,PRT,2010,10.67557200000000000
rgdpe,PRY,1960,2727.74340820313000000
pop,PRY,1960,1.91395028688562000
rgdpe,PRY,1970,4501.60351562500000000
pop,PRY,1970,2.48250800000000000
rgdpe,PRY,1980,9667.64648437500000000
pop,PRY,1980,3.19476800000000000
rgdpe,PRY,1990,13971.16796875000000000
pop,PRY,1990,4.24386000000000000
rgdpe,PRY,2000,17331.58398437500000000
pop,PRY,2000,5.34353900000000000
rgdpe,PRY,2010,28342.61328125000000000
pop,PRY,2010,6.45454800000000000
rgdpe,QAT,1970,8718.05664062500000000
pop,QAT,1970,0.10840100000000000
rgdpe,QAT,1980,14984.63476562500000000
pop,QAT,1980,0.22159400000000000
rgdpe,QAT,1990,11348.82226562500000000
pop,QAT,1990,0.47372200000000000
rgdpe,QAT,2000,27258.14453125000000000
pop,QAT,2000,0.59095700000000000
rgdpe,QAT,2010,201334.57812500000000000
pop,QAT,2010,1.75879300000000000
rgdpe,ROU,1960,23456.26562500000000000
pop,ROU,1960,18.40341309130350000
rgdpe,ROU,1970,51183.81250000000000000
pop,ROU,1970,20.25254000000000000
rgdpe,ROU,1980,124383.67968750000000000
pop,ROU,1980,22.20138900000000000
rgdpe,ROU,1990,140943.71875000000000000
pop,ROU,1990,23.20671900000000000
rgdpe,ROU,2000,147196.37500000000000000
pop,ROU,2000,22.19168300000000000
rgdpe,ROU,2010,285515.59375000000000000
pop,ROU,2010,21.48637100000000000
rgdpe,RUS,1990,2680160.50000000000000000
pop,RUS,1990,148.24350100000000000
rgdpe,RUS,2000,1359619.50000000000000000
pop,RUS,2000,146.75751700000000000
rgdpe,RUS,2010,2468927.00000000000000000
pop,RUS,2010,142.95816400000000000
rgdpe,RWA,1960,2742.32226562500000000
pop,RWA,1960,3.01531524154463000
rgdpe,RWA,1970,3524.70043945313000000
pop,RWA,1970,3.74867200000000000
rgdpe,RWA,1980,5533.54443359375000000
pop,RWA,1980,5.17892700000000000
rgdpe,RWA,1990,7306.30517578125000000
pop,RWA,1990,7.10953800000000000
rgdpe,RWA,2000,5489.06054687500000000
pop,RWA,2000,8.09834400000000000
rgdpe,RWA,2010,12203.66113281250000000
pop,RWA,2010,10.62400500000000000
rgdpe,SAU,1970,91697.35156250000000000
pop,SAU,1970,5.77184600000000000
rgdpe,SAU,1980,280866.06250000000000000
pop,SAU,1980,9.80147500000000000
rgdpe,SAU,1990,242410.87500000000000000
pop,SAU,1990,16.13905300000000000
rgdpe,SAU,2000,359046.46875000000000000
pop,SAU,2000,20.04527600000000000
rgdpe,SAU,2010,692769.93750000000000000
pop,SAU,2010,27.44808600000000000
rgdpe,SDN,1970,13929.40527343750000000
pop,SDN,1970,11.65038873617440000
rgdpe,SDN,1980,20899.14453125000000000
pop,SDN,1980,15.83642772347590000
rgdpe,SDN,1990,28571.85156250000000000
pop,SDN,1990,20.90457843035060000
rgdpe,SDN,2000,46417.54687500000000000
pop,SDN,2000,26.97499446901200000
rgdpe,SDN,2010,97757.18750000000000000
pop,SDN,2010,34.53392100000000000
rgdpe,SEN,1960,6357.95361328125000000
pop,SEN,1960,3.10196220121351000
rgdpe,SEN,1970,6693.95312500000000000
pop,SEN,1970,4.09624500000000000
rgdpe,SEN,1980,8060.51416015625000000
pop,SEN,1980,5.41407000000000000
rgdpe,SEN,1990,13688.29589843750000000
pop,SEN,1990,7.24157300000000000
rgdpe,SEN,2000,16600.63671875000000000
pop,SEN,2000,9.50586200000000000
rgdpe,SEN,2010,22885.48437500000000000
pop,SEN,2010,12.43372800000000000
rgdpe,SGP,1960,4024.32519531250000000
pop,SGP,1960,1.64607619718805000
rgdpe,SGP,1970,11117.69238281250000000
pop,SGP,1970,2.07409900000000000
rgdpe,SGP,1980,27450.30468750000000000
pop,SGP,1980,2.41456300000000000
rgdpe,SGP,1990,56309.32031250000000000
pop,SGP,1990,3.01662400000000000
rgdpe,SGP,2000,141559.07812500000000000
pop,SGP,2000,3.91930000000000000
rgdpe,SGP,2010,300384.84375000000000000
pop,SGP,2010,5.08641800000000000
rgdpe,SLE,1970,3048.63134765625000000
pop,SLE,1970,2.59312300000000000
rgdpe,SLE,1980,3488.62255859375000000
pop,SLE,1980,3.16175100000000000
rgdpe,SLE,1990,5581.65039062500000000
pop,SLE,1990,3.98156700000000000
rgdpe,SLE,2000,3456.15185546875000000
pop,SLE,2000,4.14311500000000000
rgdpe,SLE,2010,6199.59521484375000000
pop,SLE,2010,5.86753600000000000
rgdpe,SLV,1950,1201.32202148438000000
pop,SLV,1950,2.01106634488626000
rgdpe,SLV,1960,1748.94677734375000000
pop,SLV,1960,2.67642782133751000
rgdpe,SLV,1970,3041.68701171875000000
pop,SLV,1970,3.73631100000000000
rgdpe,SLV,1980,4197.80810546875000000
pop,SLV,1980,4.65626300000000000
rgdpe,SLV,1990,3750.51318359375000000
pop,SLV,1990,5.33284200000000000
rgdpe,SLV,2000,5887.20019531250000000
pop,SLV,2000,5.94030500000000000
rgdpe,SLV,2010,6833.84765625000000000
pop,SLV,2010,6.19299300000000000
rgdpe,SRB,1990,53897.60546875000000000
pop,SRB,1990,7.89793700000000000
rgdpe,SRB,2000,48460.62109375000000000
pop,SRB,2000,7.51634600000000000
rgdpe,SRB,2010,69334.50000000000000000
pop,SRB,2010,7.36132200000000000
rgdpe,STP,1970,130.96627807617200000
pop,STP,1970,0.07363000000000000
rgdpe,STP,1980,215.43089294433600000
pop,STP,1980,0.09468800000000000
rgdpe,STP,1990,188.64457702636700000
pop,STP,1990,0.11611700000000000
rgdpe,STP,2000,218.56356811523400000
pop,STP,2000,0.14101000000000000
rgdpe,STP,2010,394.54983520507800000
pop,STP,2010,0.16539700000000000
rgdpe,SUR,1970,1552.06127929688000000
pop,SUR,1970,0.37229700000000000
rgdpe,SUR,1980,1976.27478027344000000
pop,SUR,1980,0.36574900000000000
rgdpe,SUR,1990,2219.24902343750000000
pop,SUR,1990,0.40689000000000000
rgdpe,SUR,2000,2284.60083007813000000
pop,SUR,2000,0.46684600000000000
rgdpe,SUR,2010,3478.21582031250000000
pop,SUR,2010,0.52463600000000000
rgdpe,SVK,1990,78686.39062500000000000
pop,SVK,1990,5.27007200000000000
rgdpe,SVK,2000,69289.50000000000000000
pop,SVK,2000,5.40484500000000000
rgdpe,SVK,2010,115330.84375000000000000
pop,SVK,2010,5.46211900000000000
rgdpe,SVN,1990,34885.01953125000000000
pop,SVN,1990,1.92670100000000000
rgdpe,SVN,2000,40099.67578125000000000
pop,SVN,2000,1.98540600000000000
rgdpe,SVN,2010,50898.08593750000000000
pop,SVN,2010,2.02968000000000000
rgdpe,SWE,1950,59743.53515625000000000
pop,SWE,1950,7.01403639504722000
rgdpe,SWE,1960,85388.62500000000000000
pop,SWE,1960,7.48042848263286000
rgdpe,SWE,1970,133296.81250000000000000
pop,SWE,1970,8.04283900000000000
rgdpe,SWE,1980,153223.39062500000000000
pop,SWE,1980,8.31046700000000000
rgdpe,SWE,1990,203202.53125000000000000
pop,SWE,1990,8.55882900000000000
rgdpe,SWE,2000,282777.31250000000000000
pop,SWE,2000,8.86015300000000000
rgdpe,SWE,2010,331202.43750000000000000
pop,SWE,2010,9.37968700000000000
rgdpe,SWZ,1970,687.49847412109400000
pop,SWZ,1970,0.44573500000000000
rgdpe,SWZ,1980,1699.93811035156000000
pop,SWZ,1980,0.60338500000000000
rgdpe,SWZ,1990,3591.74389648438000000
pop,SWZ,1990,0.86294700000000000
rgdpe,SWZ,2000,5921.51953125000000000
pop,SWZ,2000,1.06383200000000000
rgdpe,SWZ,2010,6711.30761718750000000
pop,SWZ,2010,1.18605600000000000
rgdpe,SYR,1960,7899.87695312500000000
pop,SYR,1960,4.61220127561544000
rgdpe,SYR,1970,17672.93359375000000000
pop,SYR,1970,6.36801700000000000
rgdpe,SYR,1980,21562.69531250000000000
pop,SYR,1980,8.90654300000000000
rgdpe,SYR,1990,13075.08886718750000000
pop,SYR,1990,12.32411600000000000
rgdpe,SYR,2000,21842.17578125000000000
pop,SYR,2000,15.98853400000000000
rgdpe,SYR,2010,101661.83593750000000000
pop,SYR,2010,20.41060600000000000
rgdpe,TCD,1960,4145.71337890625000000
pop,TCD,1960,2.98407849169143000
rgdpe,TCD,1970,5575.34570312500000000
pop,TCD,1970,3.65590500000000000
rgdpe,TCD,1980,4444.54589843750000000
pop,TCD,1980,4.55408900000000000
rgdpe,TCD,1990,8024.33837890625000000
pop,TCD,1990,6.01122400000000000
rgdpe,TCD,2000,8596.54687500000000000
pop,TCD,2000,8.22232700000000000
rgdpe,TCD,2010,28785.63867187500000000
pop,TCD,2010,11.22720800000000000
rgdpe,TGO,1960,1350.56579589844000000
pop,TGO,1960,1.55459306150108000
rgdpe,TGO,1970,2889.36694335938000000
pop,TGO,1970,2.09727300000000000
rgdpe,TGO,1980,4011.69677734375000000
pop,TGO,1980,2.66692100000000000
rgdpe,TGO,1990,4437.89355468750000000
pop,TGO,1990,3.66550900000000000
rgdpe,TGO,2000,4987.29882812500000000
pop,TGO,2000,4.79350400000000000
rgdpe,TGO,2010,6815.87744140625000000
pop,TGO,2010,6.02779800000000000
rgdpe,THA,1950,18974.31835937500000000
pop,THA,1950,19.94681263069600000
rgdpe,THA,1960,27173.15234375000000000
pop,THA,1960,27.38258933880930000
rgdpe,THA,1970,73794.04687500000000000
pop,THA,1970,36.91539700000000000
rgdpe,THA,1980,135779.20312500000000000
pop,THA,1980,47.48264300000000000
rgdpe,THA,1990,253192.54687500000000000
pop,THA,1990,57.07205800000000000
rgdpe,THA,2000,416703.75000000000000000
pop,THA,2000,63.15502900000000000
rgdpe,THA,2010,679629.00000000000000000
pop,THA,2010,69.12223400000000000
rgdpe,TJK,1990,29938.70703125000000000
pop,TJK,1990,5.30315200000000000
rgdpe,TJK,2000,8203.16210937500000000
pop,TJK,2000,6.17280700000000000
rgdpe,TJK,2010,17362.22070312500000000
pop,TJK,2010,6.87863700000000000
rgdpe,TKM,1990,33999.61328125000000000
pop,TKM,1990,3.66800000000000000
rgdpe,TKM,2000,31952.32421875000000000
pop,TKM,2000,4.50141900000000000
rgdpe,TKM,2010,58706.97656250000000000
pop,TKM,2010,5.04199500000000000
rgdpe,TTO,1950,2323.02807617188000000
pop,TTO,1950,0.64037681256544500
rgdpe,TTO,1960,5481.44482421875000000
pop,TTO,1960,0.85229898083769600
rgdpe,TTO,1970,8901.24707031250000000
pop,TTO,1970,0.96765800000000000
rgdpe,TTO,1980,22950.57617187500000000
pop,TTO,1980,1.07820000000000000
rgdpe,TTO,1990,12490.22363281250000000
pop,TTO,1990,1.21549400000000000
rgdpe,TTO,2000,14039.97070312500000000
pop,TTO,2000,1.29205800000000000
rgdpe,TTO,2010,24839.38476562500000000
pop,TTO,2010,1.34146500000000000
rgdpe,TUN,1960,5849.26367187500000000
pop,TUN,1960,4.16451043548328000
rgdpe,TUN,1970,11483.20117187500000000
pop,TUN,1970,5.12700100000000000
rgdpe,TUN,1980,24447.17968750000000000
pop,TUN,1980,6.45709200000000000
rgdpe,TUN,1990,39383.06250000000000000
pop,TUN,1990,8.21511100000000000
rgdpe,TUN,2000,71017.86718750000000000
pop,TUN,2000,9.45611700000000000
rgdpe,TUN,2010,94394.36718750000000000
pop,TUN,2010,10.48093400000000000
rgdpe,TUR,1950,56203.55078125000000000
pop,TUR,1950,20.94787021787630000
rgdpe,TUR,1960,113697.26562500000000000
pop,TUR,1960,27.98497832379310000
rgdpe,TUR,1970,203951.60937500000000000
pop,TUR,1970,35.46419600000000000
rgdpe,TUR,1980,293352.31250000000000000
pop,TUR,1980,44.10521600000000000
rgdpe,TUR,1990,489665.21875000000000000
pop,TUR,1990,54.13026800000000000
rgdpe,TUR,2000,653828.50000000000000000
pop,TUR,2000,63.62786200000000000
rgdpe,TUR,2010,1010740.37500000000000000
pop,TUR,2010,72.75232500000000000
rgdpe,TWN,1960,24272.00000000000000000
pop,TWN,1960,10.66770500000000000
rgdpe,TWN,1970,65395.97656250000000000
pop,TWN,1970,14.58294400000000000
rgdpe,TWN,1980,160525.01562500000000000
pop,TWN,1980,17.70453800000000000
rgdpe,TWN,1990,352473.21875000000000000
pop,TWN,1990,20.27894600000000000
rgdpe,TWN,2000,639212.68750000000000000
pop,TWN,2000,22.18453000000000000
rgdpe,TWN,2010,766949.62500000000000000
pop,TWN,2010,23.14094800000000000
rgdpe,TZA,1960,8986.43457031250000000
pop,TZA,1960,10.10929307799760000
rgdpe,TZA,1970,17338.85156250000000000
pop,TZA,1970,13.60452300000000000
rgdpe,TZA,1980,24448.02539062500000000
pop,TZA,1980,18.68578900000000000
rgdpe,TZA,1990,20580.68750000000000000
pop,TZA,1990,24.79869200000000000
rgdpe,TZA,2000,26206.29687500000000000
pop,TZA,2000,33.12216100000000000
rgdpe,TZA,2010,56834.80078125000000000
pop,TZA,2010,43.58815400000000000
rgdpe,UGA,1950,5217.98388671875000000
pop,UGA,1950,5.35343418541994000
rgdpe,UGA,1960,6495.91259765625000000
pop,UGA,1960,7.04049331401376000
rgdpe,UGA,1970,10095.33007812500000000
pop,UGA,1970,9.44593200000000000
rgdpe,UGA,1980,7866.20996093750000000
pop,UGA,1980,12.66213100000000000
rgdpe,UGA,1990,11943.67480468750000000
pop,UGA,1990,17.69971700000000000
rgdpe,UGA,2000,22405.41406250000000000
pop,UGA,2000,24.21312000000000000
rgdpe,UGA,2010,43570.76953125000000000
pop,UGA,2010,33.42468300000000000
rgdpe,UKR,1990,481374.15625000000000000
pop,UKR,1990,51.64491400000000000
rgdpe,UKR,2000,190946.51562500000000000
pop,UKR,2000,48.89179200000000000
rgdpe,UKR,2010,339620.71875000000000000
pop,UKR,2010,45.44832900000000000
rgdpe,URY,1950,12403.91406250000000000
pop,URY,1950,2.18297436240530000
rgdpe,URY,1960,16233.20800781250000000
pop,URY,1960,2.51793436968593000
rgdpe,URY,1970,19895.41406250000000000
pop,URY,1970,2.80911700000000000
rgdpe,URY,1980,24928.21289062500000000
pop,URY,1980,2.91468300000000000
rgdpe,URY,1990,25098.49023437500000000
pop,URY,1990,3.10912200000000000
rgdpe,URY,2000,33329.62890625000000000
pop,URY,2000,3.31906600000000000
rgdpe,URY,2010,42868.98437500000000000
pop,URY,2010,3.36878600000000000
rgdpe,USA,1950,1997788.87500000000000000
pop,USA,1950,155.54723771245800000
rgdpe,USA,1960,2815268.75000000000000000
pop,USA,1960,184.55828742667700000
rgdpe,USA,1970,4303924.00000000000000000
pop,USA,1970,209.46386500000000000
rgdpe,USA,1980,5767759.50000000000000000
pop,USA,1980,229.82500400000000000
rgdpe,USA,1990,7964788.50000000000000000
pop,USA,1990,253.33909700000000000
rgdpe,USA,2000,11494606.00000000000000000
pop,USA,2000,282.49631000000000000
rgdpe,USA,2010,13151344.00000000000000000
pop,USA,2010,310.38394800000000000
rgdpe,UZB,1990,86194.81250000000000000
pop,UZB,1990,20.51524800000000000
rgdpe,UZB,2000,82725.07812500000000000
pop,UZB,2000,24.77561000000000000
rgdpe,UZB,2010,157505.75000000000000000
pop,UZB,2010,27.44470200000000000
rgdpe,VCT,1970,252.64263916015600000
pop,VCT,1970,0.09046500000000000
rgdpe,VCT,1980,324.80569458007800000
pop,VCT,1980,0.10045000000000000
rgdpe,VCT,1990,539.25427246093800000
pop,VCT,1990,0.10744900000000000
rgdpe,VCT,2000,756.74340820312500000
pop,VCT,2000,0.10789100000000000
rgdpe,VCT,2010,916.70715332031300000
pop,VCT,2010,0.10933300000000000
rgdpe,VEN,1950,29273.28906250000000000
pop,VEN,1950,4.97299643475819000
rgdpe,VEN,1960,54777.22265625000000000
pop,VEN,1960,7.50215971358607000
rgdpe,VEN,1970,94594.73437500000000000
pop,VEN,1970,10.68067800000000000
rgdpe,VEN,1980,142988.73437500000000000
pop,VEN,1980,15.03627300000000000
rgdpe,VEN,1990,153215.98437500000000000
pop,VEN,1990,19.68517700000000000
rgdpe,VEN,2000,158146.31250000000000000
pop,VEN,2000,24.34830400000000000
rgdpe,VEN,2010,307765.06250000000000000
pop,VEN,2010,28.97985700000000000
rgdpe,VNM,1970,31358.50781250000000000
pop,VNM,1970,44.92797300000000000
rgdpe,VNM,1980,45656.71875000000000000
pop,VNM,1980,54.02315200000000000
rgdpe,VNM,1990,79055.32812500000000000
pop,VNM,1990,67.10158300000000000
rgdpe,VNM,2000,147624.12500000000000000
pop,VNM,2000,78.75801000000000000
rgdpe,VNM,2010,310986.03125000000000000
pop,VNM,2010,87.84844500000000000
rgdpe,YEM,1990,7370.31445312500000000
pop,YEM,1990,11.94820900000000000
rgdpe,YEM,2000,17580.17187500000000000
pop,YEM,2000,17.72318600000000000
rgdpe,YEM,2010,67143.36718750000000000
pop,YEM,2010,24.05251400000000000
rgdpe,ZAF,1950,61041.33203125000000000
pop,ZAF,1950,13.45377374033270000
rgdpe,ZAF,1960,86602.84375000000000000
pop,ZAF,1960,17.23466213017270000
rgdpe,ZAF,1970,150646.56250000000000000
pop,ZAF,1970,22.50230600000000000
rgdpe,ZAF,1980,242651.45312500000000000
pop,ZAF,1980,29.07718600000000000
rgdpe,ZAF,1990,267287.87500000000000000
pop,ZAF,1990,36.79390700000000000
rgdpe,ZAF,2000,343698.56250000000000000
pop,ZAF,2000,44.76038000000000000
rgdpe,ZAF,2010,521392.03125000000000000
pop,ZAF,2010,50.13281700000000000
rgdpe,ZMB,1960,9663.20019531250000000
pop,ZMB,1960,3.16768689099570000
rgdpe,ZMB,1970,16089.79101562500000000
pop,ZMB,1970,4.13883700000000000
rgdpe,ZMB,1980,8439.86621093750000000
pop,ZMB,1980,5.77516500000000000
rgdpe,ZMB,1990,10127.83007812500000000
pop,ZMB,1990,7.86005300000000000
rgdpe,ZMB,2000,10499.70117187500000000
pop,ZMB,2000,10.20156200000000000
rgdpe,ZMB,2010,33047.76562500000000000
pop,ZMB,2010,13.08857000000000000
rgdpe,ZWE,1960,6849.70703125000000000
pop,ZWE,1960,3.78668952413349000
rgdpe,ZWE,1970,11100.98632812500000000
pop,ZWE,1970,5.20622900000000000
rgdpe,ZWE,1980,16774.76562500000000000
pop,ZWE,1980,7.28946300000000000
rgdpe,ZWE,1990,39430.75781250000000000
pop,ZWE,1990,10.46920200000000000
rgdpe,ZWE,2000,55586.50000000000000000
pop,ZWE,2000,12.50947700000000000
rgdpe,ZWE,2010,51233.42968750000000000
pop,ZWE,2010,12.57145400000000000
